{"cameraMode":{"drawMode":0,"name":"Shaded","section":"Shading Mode"},"sceneLighting":false,"audioPlay":false,"sceneViewState":{"showFog":true,"showMaterialUpdate":true,"showSkybox":false,"showFlares":true,"showImageEffects":true,"showParticleSystems":true},"in2DMode":false,"pivot":{"x":-0.04999995231628418,"y":1.0,"z":-0.04999995231628418},"rotation":{"x":-0.046060096472501758,"y":-0.875274121761322,"z":0.08507934212684632,"w":-0.4738589823246002},"size":5.546553134918213,"orthographic":true}