{"cameraMode":{"drawMode":0,"name":"Shaded","section":"Shading Mode"},"sceneLighting":false,"audioPlay":false,"sceneViewState":{"showFog":true,"showMaterialUpdate":true,"showSkybox":false,"showFlares":true,"showImageEffects":true,"showParticleSystems":true},"in2DMode":false,"pivot":{"x":0.0,"y":0.9000000953674316,"z":-0.05000019073486328},"rotation":{"x":0.0741126611828804,"y":-0.07621409744024277,"z":0.005679740570485592,"w":0.9943203926086426},"size":3.531233549118042,"orthographic":true}