{"cameraMode":{"drawMode":0,"name":"Shaded","section":"Shading Mode"},"sceneLighting":true,"audioPlay":false,"sceneViewState":{"showFog":true,"showMaterialUpdate":true,"showSkybox":false,"showFlares":true,"showImageEffects":true,"showParticleSystems":true},"in2DMode":false,"pivot":{"x":2.5322265625,"y":3.36505126953125,"z":-0.96923828125},"rotation":{"x":0.08884121477603913,"y":-0.42478036880493166,"z":0.041932303458452228,"w":0.899953305721283},"size":9.59130859375,"orthographic":true}