{"cameraMode":{"drawMode":0,"name":"Shaded","section":"Shading Mode"},"sceneLighting":true,"audioPlay":false,"sceneViewState":{"showFog":true,"showMaterialUpdate":true,"showSkybox":false,"showFlares":true,"showImageEffects":true,"showParticleSystems":true},"in2DMode":false,"pivot":{"x":0.0,"y":1.0999999046325684,"z":0.3500000238418579},"rotation":{"x":-0.03822830319404602,"y":-0.7402240633964539,"z":0.04223848134279251,"w":-0.669945240020752},"size":8.151952743530274,"orthographic":true}