{"cameraMode":{"drawMode":0,"name":"Shaded","section":"Shading Mode"},"sceneLighting":true,"audioPlay":false,"sceneViewState":{"showFog":true,"showMaterialUpdate":true,"showSkybox":true,"showFlares":true,"showImageEffects":true,"showParticleSystems":true},"in2DMode":false,"pivot":{"x":-10.78497314453125,"y":1.8165621757507325,"z":-10.134737014770508},"rotation":{"x":-0.24131283164024354,"y":-0.03726574033498764,"z":0.009264864027500153,"w":-0.969699501991272},"size":1.2674232721328736,"orthographic":false}