{"cameraMode":{"drawMode":0,"name":"Shaded","section":"Shading Mode"},"sceneLighting":true,"audioPlay":false,"sceneViewState":{"showFog":true,"showMaterialUpdate":true,"showSkybox":false,"showFlares":true,"showImageEffects":true,"showParticleSystems":true},"in2DMode":false,"pivot":{"x":-0.34999990463256838,"y":1.5499999523162842,"z":0.8500000238418579},"rotation":{"x":-0.08205224573612213,"y":-0.8744325041770935,"z":0.15912039577960969,"w":-0.4509153366088867},"size":9.524374008178711,"orthographic":true}