{"cameraMode":{"drawMode":0,"name":"Shaded","section":"Shading Mode"},"sceneLighting":true,"audioPlay":false,"sceneViewState":{"showFog":true,"showMaterialUpdate":true,"showSkybox":false,"showFlares":true,"showImageEffects":true,"showParticleSystems":true},"in2DMode":false,"pivot":{"x":-0.03076171875,"y":1.360260009765625,"z":0.052734375},"rotation":{"x":0.053820375353097919,"y":-0.8999113440513611,"z":0.11618639528751373,"w":0.41686010360717776},"size":6.075026035308838,"orthographic":true}