{"cameraMode":{"drawMode":0,"name":"Shaded","section":"Shading Mode"},"sceneLighting":false,"audioPlay":false,"sceneViewState":{"showFog":true,"showMaterialUpdate":true,"showSkybox":false,"showFlares":true,"showImageEffects":true,"showParticleSystems":true},"in2DMode":false,"pivot":{"x":-1.7999999523162842,"y":3.9111328125,"z":-1.567596197128296},"rotation":{"x":0.31821611523628237,"y":-0.12886612117290498,"z":0.04370841011404991,"w":0.9382027387619019},"size":10.57308292388916,"orthographic":true}