{"cameraMode":{"drawMode":0,"name":"Shaded","section":"Shading Mode"},"sceneLighting":true,"audioPlay":false,"sceneViewState":{"showFog":true,"showMaterialUpdate":true,"showSkybox":false,"showFlares":true,"showImageEffects":true,"showParticleSystems":true},"in2DMode":false,"pivot":{"x":-0.12999987602233888,"y":1.8100001811981202,"z":0.18999981880187989},"rotation":{"x":-0.012788426131010056,"y":-0.987115740776062,"z":0.10552717745304108,"w":-0.11962851881980896},"size":9.434430122375489,"orthographic":true}