{"cameraMode":{"drawMode":0,"name":"Shaded","section":"Shading Mode"},"sceneLighting":true,"audioPlay":false,"sceneViewState":{"showFog":true,"showMaterialUpdate":true,"showSkybox":false,"showFlares":true,"showImageEffects":true,"showParticleSystems":true},"in2DMode":false,"pivot":{"x":0.10000000894069672,"y":1.350000023841858,"z":0.15000000596046449},"rotation":{"x":-0.06676247715950012,"y":-0.8240811824798584,"z":0.09936726838350296,"w":-0.5536824464797974},"size":4.649371147155762,"orthographic":true}