{"cameraMode":{"drawMode":0,"name":"Shaded","section":"Shading Mode"},"sceneLighting":false,"audioPlay":false,"sceneViewState":{"showFog":true,"showMaterialUpdate":true,"showSkybox":true,"showFlares":true,"showImageEffects":true,"showParticleSystems":true},"in2DMode":false,"pivot":{"x":8.207731246948243,"y":2.8158936500549318,"z":1.7794837951660157},"rotation":{"x":-0.06725230813026428,"y":0.17772027850151063,"z":-0.012175699695944786,"w":-0.981709361076355},"size":8.609981536865235,"orthographic":false}