{"cameraMode":{"drawMode":0,"name":"Shaded","section":"Shading Mode"},"sceneLighting":true,"audioPlay":false,"sceneViewState":{"showFog":true,"showMaterialUpdate":true,"showSkybox":true,"showFlares":true,"showImageEffects":true,"showParticleSystems":true},"in2DMode":false,"pivot":{"x":-10.710000038146973,"y":1.8899999856948853,"z":-10.640000343322754},"rotation":{"x":-0.037794455885887149,"y":0.17505481839179994,"z":-0.006734337192028761,"w":-0.983822762966156},"size":0.3674232065677643,"orthographic":false}