{"cameraMode":{"drawMode":0,"name":"Shaded","section":"Shading Mode"},"sceneLighting":true,"audioPlay":false,"sceneViewState":{"showFog":true,"showMaterialUpdate":true,"showSkybox":false,"showFlares":true,"showImageEffects":true,"showParticleSystems":true},"in2DMode":false,"pivot":{"x":-0.0344998836517334,"y":0.7335000038146973,"z":-0.25},"rotation":{"x":-0.0057495045475661758,"y":-0.9902845621109009,"z":0.04310457408428192,"w":-0.13208918273448945},"size":4.366471767425537,"orthographic":true}