{"cameraMode":{"drawMode":0,"name":"Shaded","section":"Shading Mode"},"sceneLighting":false,"audioPlay":false,"sceneViewState":{"showFog":true,"showMaterialUpdate":true,"showSkybox":false,"showFlares":true,"showImageEffects":true,"showParticleSystems":true},"in2DMode":false,"pivot":{"x":0.4819484055042267,"y":0.5625,"z":-0.5245444774627686},"rotation":{"x":-0.026660094037652017,"y":-0.9725086092948914,"z":0.1419094204902649,"w":-0.18270352482795716},"size":5.649166584014893,"orthographic":true}